metric,value
n_quotes,10615.0
n_nr_iv,101.0
bs_price_mae,2.955086451776955
bs_price_rmse,4.955902344350691
bs_price_mape,0.2838665161906518
nr_iv_mae,0.09750447795455534
nr_iv_rmse,0.15621654700513254
nr_iv_mape,0.4220120691384378
median_tenor_gap_days,11.0
